<?xml version="1.0" encoding="UTF-8"?>
<project-private xmlns="http://www.netbeans.org/ns/project-private/1">
    <editor-bookmarks xmlns="http://www.netbeans.org/ns/editor-bookmarks/2" lastBookmarkId="0"/>
    <open-files xmlns="http://www.netbeans.org/ns/projectui-open-files/2">
        <group>
            <file>file:/C:/Users/mathe/Documents/NetBeansProjects/MuseuTrezeDeMaio/src/view/NovoEmprestimo.java</file>
            <file>file:/C:/Users/mathe/Documents/NetBeansProjects/MuseuTrezeDeMaio/src/view/ConsultaUsuario.java</file>
            <file>file:/C:/Users/mathe/Documents/NetBeansProjects/MuseuTrezeDeMaio/src/view/CadastroMaterialBiblioteca.java</file>
            <file>file:/C:/Users/mathe/Documents/NetBeansProjects/MuseuTrezeDeMaio/src/view/MenuPrincipal.java</file>
            <file>file:/C:/Users/mathe/Documents/NetBeansProjects/MuseuTrezeDeMaio/src/view/CadastroAcervo.java</file>
            <file>file:/C:/Users/mathe/Documents/NetBeansProjects/MuseuTrezeDeMaio/src/view/CadastroUsuario.java</file>
            <file>file:/C:/Users/mathe/Documents/NetBeansProjects/MuseuTrezeDeMaio/src/view/ConsultarMaterial.java</file>
            <file>file:/C:/Users/mathe/Documents/NetBeansProjects/MuseuTrezeDeMaio/src/Connection/Conexao.java</file>
            <file>file:/C:/Users/mathe/Documents/NetBeansProjects/MuseuTrezeDeMaio/src/DAO/AcervoHistoricoDAO.java</file>
            <file>file:/C:/Users/mathe/Documents/NetBeansProjects/MuseuTrezeDeMaio/src/DAO/EmprestimoDAO.java</file>
            <file>file:/C:/Users/mathe/Documents/NetBeansProjects/MuseuTrezeDeMaio/src/DAO/MaterialBibliotecaDAO.java</file>
            <file>file:/C:/Users/mathe/Documents/NetBeansProjects/MuseuTrezeDeMaio/src/DAO/UsuarioDAO.java</file>
            <file>file:/C:/Users/mathe/Documents/NetBeansProjects/MuseuTrezeDeMaio/src/model/AcervoHistorico.java</file>
            <file>file:/C:/Users/mathe/Documents/NetBeansProjects/MuseuTrezeDeMaio/src/model/Autor.java</file>
            <file>file:/C:/Users/mathe/Documents/NetBeansProjects/MuseuTrezeDeMaio/src/model/Categoria.java</file>
            <file>file:/C:/Users/mathe/Documents/NetBeansProjects/MuseuTrezeDeMaio/src/model/Emprestimo.java</file>
            <file>file:/C:/Users/mathe/Documents/NetBeansProjects/MuseuTrezeDeMaio/src/model/MaterialBiblioteca.java</file>
            <file>file:/C:/Users/mathe/Documents/NetBeansProjects/MuseuTrezeDeMaio/src/model/Usuario.java</file>
        </group>
    </open-files>
</project-private>
